{"cameraMode":{"drawMode":0,"name":"Shaded","section":"Shading Mode"},"sceneLighting":false,"audioPlay":false,"sceneViewState":{"showFog":true,"showMaterialUpdate":false,"showSkybox":false,"showFlares":true,"showImageEffects":true,"showParticleSystems":true},"in2DMode":false,"pivot":{"x":49.29092788696289,"y":-19.45056915283203,"z":9.664358139038086},"rotation":{"x":0.20036964118480683,"y":0.59548419713974,"z":-0.15657228231430055,"w":0.7620741128921509},"size":50.310733795166019,"orthographic":false}