{"cameraMode":{"drawMode":0,"name":"Shaded","section":"Shading Mode"},"sceneLighting":false,"audioPlay":false,"sceneViewState":{"showFog":true,"showMaterialUpdate":false,"showSkybox":false,"showFlares":true,"showImageEffects":true,"showParticleSystems":true},"in2DMode":false,"pivot":{"x":14.069999694824219,"y":3.2180001735687258,"z":0.055500030517578128},"rotation":{"x":0.008613270707428456,"y":0.6548382639884949,"z":-0.007482859771698713,"w":0.7557263970375061},"size":11.067157745361329,"orthographic":false}