{"cameraMode":{"drawMode":0,"name":"Shaded","section":"Shading Mode"},"sceneLighting":false,"audioPlay":false,"sceneViewState":{"showFog":true,"showMaterialUpdate":false,"showSkybox":false,"showFlares":true,"showImageEffects":true,"showParticleSystems":true},"in2DMode":false,"pivot":{"x":14.069999694824219,"y":0.3499999940395355,"z":-2.3999998569488527},"rotation":{"x":0.29309090971946719,"y":0.030393196269869806,"z":-0.009324145503342152,"w":0.9555671811103821},"size":49.520347595214847,"orthographic":false}