{"cameraMode":{"drawMode":0,"name":"Shaded","section":"Shading Mode"},"sceneLighting":true,"audioPlay":false,"sceneViewState":{"showFog":true,"showMaterialUpdate":false,"showSkybox":true,"showFlares":true,"showImageEffects":true,"showParticleSystems":true},"in2DMode":false,"pivot":{"x":-21.655561447143556,"y":-19.206085205078126,"z":-71.5794448852539},"rotation":{"x":0.01934772916138172,"y":-0.9805083870887756,"z":0.14849524199962617,"w":0.12751160562038423},"size":84.47028350830078,"orthographic":false}